id,email,password,user_name,tipos_usuarios_id,profile_id
1,abril@gmail.com,$2a$10$LUZpgLGUGfDNP4jW8HWeU.KZx80SvZUg8COvg7zjVRNBfEB12C95S,Abril,1,1
2,knern1@shinystat.com,$2a$10$LUZpgLGUGfDNP4jW8HWeU.KZx80SvZUg8COvg7zjVRNBfEB12C95S,Kamila,2,2
3,treeday2@jimdo.com,$2a$10$LUZpgLGUGfDNP4jW8HWeU.KZx80SvZUg8COvg7zjVRNBfEB12C95S,Tomasina,2,3
4,kcouronne3@gov.uk,$2a$10$LUZpgLGUGfDNP4jW8HWeU.KZx80SvZUg8COvg7zjVRNBfEB12C95S,Ken,2,4
5,efayerbrother4@ucoz.ru,$2a$10$LUZpgLGUGfDNP4jW8HWeU.KZx80SvZUg8COvg7zjVRNBfEB12C95S,Emyle,2,5
6,mcoase5@dropbox.com,$2a$10$LUZpgLGUGfDNP4jW8HWeU.KZx80SvZUg8COvg7zjVRNBfEB12C95S,Melosa,2,6
7,cgully6@cbslocal.com,$2a$10$LUZpgLGUGfDNP4jW8HWeU.KZx80SvZUg8COvg7zjVRNBfEB12C95S,Craig,2,7
8,tdeeks7@joomla.org,$2a$10$LUZpgLGUGfDNP4jW8HWeU.KZx80SvZUg8COvg7zjVRNBfEB12C95S,Tonye,2,8
9,mflageul8@github.com,$2a$10$LUZpgLGUGfDNP4jW8HWeU.KZx80SvZUg8COvg7zjVRNBfEB12C95S,Mitchel,2,9
10,ecoath9@hugedomains.com,$2a$10$LUZpgLGUGfDNP4jW8HWeU.KZx80SvZUg8COvg7zjVRNBfEB12C95S,Eustace,2,10
11,gfairbridge0@earthlink.net,$2a$10$LUZpgLGUGfDNP4jW8HWeU.KZx80SvZUg8COvg7zjVRNBfEB12C95S,Guss,2,11
12,donramon@net.com,$2a$10$AfcXK6e/KjiIqaO4rFbdKe79sl0OVm52BV398ycCBhu9rsy26fNv.,Monchito,2,12
